FirstName,LastName,SamAccountName,DisplayName,Department,JobTitle,Office
Samir,Tanaka,stanaka,Samir Tanaka,Marketing,Marketing Analyst,Atlanta
Marco,Underwood,munderwood,Marco Underwood,HR,HR Generalist,Dallas
Tessa,Lopez,tlopez,Tessa Lopez,Sales,Sales Rep,Atlanta
Hana,Jensen,hjensen,Hana Jensen,HR,HR Manager,Dallas
Jonah,Mensah,jmensah,Jonah Mensah,HR,HR Manager,Denver
Lucas,Dubois,ldubois,Lucas Dubois,Sales,Sales Manager,Denver
Yara,Eriksen,yeriksen,Yara Eriksen,HR,Recruiter,Chicago
Miles,Kowalski,mkowalski,Miles Kowalski,HR,HR Manager,Dallas
Samir,Tanaka,stanaka,Samir Tanaka,Marketing,Marketing Analyst,Atlanta
Noah,Kaplan,nkaplan,Noah Kaplan,,Logistics Coordinator,Dallas
Felix,Santos,  fsantos ,Felix Santos,HR,HR Generalist,Denver
Priya,,pgupta,Priya Gupta,IT,Systems Administrator,Atlanta
Hugo,Nguyen,a-very-long-username-over-twenty,Hugo Nguyen,HR,HR Manager,Chicago
