"CsvLine","Sam","Department","Result"
"2","stanaka","Marketing","Skipped: already exists"
"3","munderwood","HR","Skipped: already exists"
"4","tlopez","Sales","Skipped: already exists"
"5","hjensen","HR","Skipped: already exists"
"6","jmensah","HR","Skipped: already exists"
"7","ldubois","Sales","Skipped: already exists"
"8","yeriksen","HR","Skipped: already exists"
"9","mkowalski","HR","Skipped: already exists"
"10","stanaka","Marketing","Skipped: already exists"
"11","nkaplan","","FAILED: Missing required field"
"12","fsantos","HR","Skipped: already exists"
"13","pgupta","IT","FAILED: Missing required field"
"14","a-very-long-username-over-twenty","HR","FAILED: SamAccountName longer than 20 characters"
